Log of automatic commit at Thu May 23 13:30:40 UTC 2024
Log of automatic commit at Thu May 23 14:16:23 UTC 2024
Log of automatic commit at Fri May 24 14:11:07 UTC 2024
Log of automatic commit at Sat May 25 14:09:40 UTC 2024
Log of automatic commit at Sun May 26 14:09:38 UTC 2024
Log of automatic commit at Mon May 27 14:10:45 UTC 2024
Log of automatic commit at Thu May 30 00:37:18 UTC 2024
Log of automatic commit at Thu May 30 01:51:27 UTC 2024
Log of automatic commit at Fri May 31 00:31:33 UTC 2024
Log of automatic commit at Fri May 31 01:50:58 UTC 2024
Log of automatic commit at Sat Jun  1 00:35:21 UTC 2024
Log of automatic commit at Sat Jun  1 01:54:58 UTC 2024
Log of automatic commit at Sun Jun  2 00:35:09 UTC 2024
Log of automatic commit at Sun Jun  2 01:55:13 UTC 2024
Log of automatic commit at Mon Jun  3 00:33:25 UTC 2024
Log of automatic commit at Mon Jun  3 01:53:36 UTC 2024
Log of automatic commit at Tue Jun  4 00:32:20 UTC 2024
Log of automatic commit at Tue Jun  4 01:52:10 UTC 2024
Log of automatic commit at Wed Jun  5 00:32:17 UTC 2024
Log of automatic commit at Wed Jun  5 01:51:34 UTC 2024
Log of automatic commit at Thu Jun  6 00:32:27 UTC 2024
Log of automatic commit at Thu Jun  6 01:50:47 UTC 2024
Log of automatic commit at Fri Jun  7 00:33:19 UTC 2024
Log of automatic commit at Fri Jun  7 01:54:11 UTC 2024
Log of automatic commit at Sat Jun  8 00:32:54 UTC 2024
Log of automatic commit at Sat Jun  8 01:50:32 UTC 2024
Log of automatic commit at Sun Jun  9 00:36:27 UTC 2024
Log of automatic commit at Sun Jun  9 01:58:54 UTC 2024
Log of automatic commit at Mon Jun 10 00:34:04 UTC 2024
Log of automatic commit at Mon Jun 10 01:55:44 UTC 2024
Log of automatic commit at Tue Jun 11 00:32:54 UTC 2024
Log of automatic commit at Tue Jun 11 01:54:12 UTC 2024
Log of automatic commit at Wed Jun 12 00:33:03 UTC 2024
Log of automatic commit at Wed Jun 12 01:54:07 UTC 2024
Log of automatic commit at Thu Jun 13 00:32:52 UTC 2024
Log of automatic commit at Thu Jun 13 01:52:58 UTC 2024
Log of automatic commit at Fri Jun 14 00:32:36 UTC 2024
Log of automatic commit at Fri Jun 14 01:53:26 UTC 2024
Log of automatic commit at Sat Jun 15 00:32:27 UTC 2024
Log of automatic commit at Sat Jun 15 01:52:37 UTC 2024
Log of automatic commit at Sun Jun 16 00:36:20 UTC 2024
Log of automatic commit at Sun Jun 16 01:59:12 UTC 2024
Log of automatic commit at Mon Jun 17 00:34:42 UTC 2024
Log of automatic commit at Mon Jun 17 01:57:00 UTC 2024
Log of automatic commit at Tue Jun 18 00:33:29 UTC 2024
Log of automatic commit at Tue Jun 18 01:54:23 UTC 2024
Log of automatic commit at Wed Jun 19 00:33:13 UTC 2024
Log of automatic commit at Wed Jun 19 01:54:29 UTC 2024
Log of automatic commit at Thu Jun 20 00:32:31 UTC 2024
Log of automatic commit at Thu Jun 20 01:50:58 UTC 2024
Log of automatic commit at Fri Jun 21 00:32:22 UTC 2024
Log of automatic commit at Fri Jun 21 01:52:38 UTC 2024
Log of automatic commit at Sat Jun 22 00:32:25 UTC 2024
Log of automatic commit at Sat Jun 22 01:48:29 UTC 2024
Log of automatic commit at Sun Jun 23 00:35:22 UTC 2024
Log of automatic commit at Sun Jun 23 01:57:35 UTC 2024
Log of automatic commit at Mon Jun 24 00:34:39 UTC 2024
Log of automatic commit at Mon Jun 24 01:55:41 UTC 2024
Log of automatic commit at Tue Jun 25 00:32:38 UTC 2024
Log of automatic commit at Tue Jun 25 01:54:14 UTC 2024
Log of automatic commit at Wed Jun 26 00:32:43 UTC 2024
Log of automatic commit at Wed Jun 26 01:53:26 UTC 2024
Log of automatic commit at Thu Jun 27 00:33:02 UTC 2024
Log of automatic commit at Thu Jun 27 01:54:03 UTC 2024
Log of automatic commit at Fri Jun 28 00:32:58 UTC 2024
Log of automatic commit at Fri Jun 28 01:54:40 UTC 2024
Log of automatic commit at Sat Jun 29 00:32:17 UTC 2024
Log of automatic commit at Sat Jun 29 01:52:28 UTC 2024
Log of automatic commit at Sun Jun 30 00:36:51 UTC 2024
Log of automatic commit at Sun Jun 30 02:00:06 UTC 2024
Log of automatic commit at Mon Jul  1 00:38:16 UTC 2024
Log of automatic commit at Mon Jul  1 02:03:04 UTC 2024
Log of automatic commit at Tue Jul  2 00:33:29 UTC 2024
Log of automatic commit at Tue Jul  2 01:54:58 UTC 2024
Log of automatic commit at Wed Jul  3 00:33:31 UTC 2024
Log of automatic commit at Wed Jul  3 01:54:13 UTC 2024
Log of automatic commit at Thu Jul  4 00:32:58 UTC 2024
Log of automatic commit at Thu Jul  4 01:54:38 UTC 2024
Log of automatic commit at Fri Jul  5 00:33:06 UTC 2024
Log of automatic commit at Fri Jul  5 01:54:15 UTC 2024
Log of automatic commit at Sat Jul  6 00:32:08 UTC 2024
Log of automatic commit at Sat Jul  6 01:50:32 UTC 2024
Log of automatic commit at Sun Jul  7 00:36:36 UTC 2024
Log of automatic commit at Sun Jul  7 02:00:53 UTC 2024
Log of automatic commit at Mon Jul  8 00:35:15 UTC 2024
Log of automatic commit at Mon Jul  8 01:57:18 UTC 2024
Log of automatic commit at Tue Jul  9 00:33:28 UTC 2024
Log of automatic commit at Tue Jul  9 01:56:32 UTC 2024
Log of automatic commit at Wed Jul 10 00:34:14 UTC 2024
Log of automatic commit at Wed Jul 10 01:56:27 UTC 2024
Log of automatic commit at Thu Jul 11 00:34:29 UTC 2024
Log of automatic commit at Thu Jul 11 01:56:50 UTC 2024
Log of automatic commit at Fri Jul 12 00:33:57 UTC 2024
Log of automatic commit at Fri Jul 12 01:55:08 UTC 2024
Log of automatic commit at Sat Jul 13 00:34:12 UTC 2024
Log of automatic commit at Sat Jul 13 01:55:20 UTC 2024
Log of automatic commit at Sun Jul 14 00:37:37 UTC 2024
Log of automatic commit at Sun Jul 14 02:04:19 UTC 2024
Log of automatic commit at Mon Jul 15 00:35:28 UTC 2024
Log of automatic commit at Mon Jul 15 02:00:03 UTC 2024
Log of automatic commit at Tue Jul 16 00:34:15 UTC 2024
Log of automatic commit at Tue Jul 16 01:58:21 UTC 2024
Log of automatic commit at Wed Jul 17 00:34:25 UTC 2024
Log of automatic commit at Wed Jul 17 01:57:18 UTC 2024
Log of automatic commit at Thu Jul 18 00:33:40 UTC 2024
Log of automatic commit at Thu Jul 18 01:56:11 UTC 2024
Log of automatic commit at Fri Jul 19 00:34:27 UTC 2024
Log of automatic commit at Fri Jul 19 01:56:16 UTC 2024
Log of automatic commit at Sat Jul 20 00:33:31 UTC 2024
Log of automatic commit at Sat Jul 20 01:53:58 UTC 2024
Log of automatic commit at Sun Jul 21 00:37:13 UTC 2024
Log of automatic commit at Sun Jul 21 02:01:12 UTC 2024
Log of automatic commit at Mon Jul 22 00:35:45 UTC 2024
Log of automatic commit at Mon Jul 22 02:01:00 UTC 2024
Log of automatic commit at Tue Jul 23 00:34:18 UTC 2024
Log of automatic commit at Tue Jul 23 01:57:33 UTC 2024
Log of automatic commit at Wed Jul 24 00:35:06 UTC 2024
Log of automatic commit at Wed Jul 24 01:57:20 UTC 2024
Log of automatic commit at Thu Jul 25 00:34:19 UTC 2024
Log of automatic commit at Thu Jul 25 01:57:05 UTC 2024
Log of automatic commit at Fri Jul 26 00:33:56 UTC 2024
Log of automatic commit at Fri Jul 26 01:56:48 UTC 2024
Log of automatic commit at Sat Jul 27 00:33:53 UTC 2024
Log of automatic commit at Sat Jul 27 01:55:09 UTC 2024
Log of automatic commit at Sun Jul 28 00:37:38 UTC 2024
Log of automatic commit at Sun Jul 28 02:02:11 UTC 2024
Log of automatic commit at Mon Jul 29 00:35:55 UTC 2024
Log of automatic commit at Mon Jul 29 01:59:57 UTC 2024
Log of automatic commit at Tue Jul 30 00:34:21 UTC 2024
Log of automatic commit at Tue Jul 30 01:57:36 UTC 2024
Log of automatic commit at Wed Jul 31 00:28:46 UTC 2024
Log of automatic commit at Wed Jul 31 01:35:47 UTC 2024
Log of automatic commit at Thu Aug  1 00:37:50 UTC 2024
Log of automatic commit at Thu Aug  1 02:04:20 UTC 2024
Log of automatic commit at Fri Aug  2 00:34:06 UTC 2024
Log of automatic commit at Fri Aug  2 01:57:47 UTC 2024
Log of automatic commit at Sat Aug  3 00:33:39 UTC 2024
Log of automatic commit at Sat Aug  3 01:55:54 UTC 2024
Log of automatic commit at Sun Aug  4 00:37:32 UTC 2024
Log of automatic commit at Sun Aug  4 02:02:44 UTC 2024
Log of automatic commit at Mon Aug  5 00:36:06 UTC 2024
Log of automatic commit at Mon Aug  5 02:00:01 UTC 2024
Log of automatic commit at Tue Aug  6 00:34:26 UTC 2024
Log of automatic commit at Tue Aug  6 01:58:01 UTC 2024
Log of automatic commit at Wed Aug  7 00:34:47 UTC 2024
Log of automatic commit at Wed Aug  7 01:59:57 UTC 2024
Log of automatic commit at Thu Aug  8 00:34:29 UTC 2024
Log of automatic commit at Thu Aug  8 01:59:04 UTC 2024
Log of automatic commit at Fri Aug  9 00:34:54 UTC 2024
Log of automatic commit at Fri Aug  9 02:00:15 UTC 2024
Log of automatic commit at Sat Aug 10 00:34:41 UTC 2024
Log of automatic commit at Sat Aug 10 01:58:54 UTC 2024
Log of automatic commit at Sun Aug 11 00:38:07 UTC 2024
Log of automatic commit at Sun Aug 11 02:04:47 UTC 2024
Log of automatic commit at Mon Aug 12 00:36:15 UTC 2024
Log of automatic commit at Mon Aug 12 02:01:54 UTC 2024
Log of automatic commit at Tue Aug 13 00:35:43 UTC 2024
Log of automatic commit at Tue Aug 13 02:01:00 UTC 2024
Log of automatic commit at Wed Aug 14 00:34:49 UTC 2024
Log of automatic commit at Wed Aug 14 01:59:33 UTC 2024
Log of automatic commit at Thu Aug 15 00:33:32 UTC 2024
Log of automatic commit at Thu Aug 15 01:50:44 UTC 2024
Log of automatic commit at Fri Aug 16 00:34:38 UTC 2024
Log of automatic commit at Fri Aug 16 01:58:48 UTC 2024
Log of automatic commit at Sat Aug 17 00:33:50 UTC 2024
Log of automatic commit at Sat Aug 17 01:55:45 UTC 2024
Log of automatic commit at Sun Aug 18 00:37:41 UTC 2024
Log of automatic commit at Sun Aug 18 02:02:46 UTC 2024
Log of automatic commit at Mon Aug 19 00:35:46 UTC 2024
Log of automatic commit at Mon Aug 19 02:00:56 UTC 2024
Log of automatic commit at Tue Aug 20 00:34:49 UTC 2024
Log of automatic commit at Tue Aug 20 01:58:23 UTC 2024
Log of automatic commit at Wed Aug 21 00:34:58 UTC 2024
Log of automatic commit at Wed Aug 21 01:58:40 UTC 2024
Log of automatic commit at Thu Aug 22 00:34:58 UTC 2024
Log of automatic commit at Thu Aug 22 02:00:51 UTC 2024
Log of automatic commit at Fri Aug 23 00:34:55 UTC 2024
Log of automatic commit at Fri Aug 23 01:59:41 UTC 2024
Log of automatic commit at Sat Aug 24 00:34:01 UTC 2024
Log of automatic commit at Sat Aug 24 01:58:45 UTC 2024
Log of automatic commit at Sun Aug 25 00:38:10 UTC 2024
Log of automatic commit at Sun Aug 25 02:05:28 UTC 2024
Log of automatic commit at Mon Aug 26 00:36:02 UTC 2024
Log of automatic commit at Mon Aug 26 02:01:01 UTC 2024
Log of automatic commit at Tue Aug 27 00:35:46 UTC 2024
Log of automatic commit at Tue Aug 27 02:01:19 UTC 2024
Log of automatic commit at Wed Aug 28 00:35:29 UTC 2024
Log of automatic commit at Wed Aug 28 02:02:37 UTC 2024
Log of automatic commit at Thu Aug 29 00:35:52 UTC 2024
Log of automatic commit at Thu Aug 29 02:03:32 UTC 2024
Log of automatic commit at Fri Aug 30 00:36:12 UTC 2024
Log of automatic commit at Fri Aug 30 02:04:17 UTC 2024
Log of automatic commit at Sat Aug 31 00:36:06 UTC 2024
Log of automatic commit at Sat Aug 31 02:03:00 UTC 2024
Log of automatic commit at Sun Sep  1 00:43:20 UTC 2024
Log of automatic commit at Sun Sep  1 02:16:28 UTC 2024
Log of automatic commit at Mon Sep  2 00:37:54 UTC 2024
Log of automatic commit at Mon Sep  2 02:05:39 UTC 2024
Log of automatic commit at Tue Sep  3 00:36:12 UTC 2024
Log of automatic commit at Tue Sep  3 02:03:04 UTC 2024
Log of automatic commit at Wed Sep  4 00:36:29 UTC 2024
Log of automatic commit at Wed Sep  4 02:04:20 UTC 2024
Log of automatic commit at Thu Sep  5 00:36:37 UTC 2024
Log of automatic commit at Thu Sep  5 02:04:34 UTC 2024
Log of automatic commit at Fri Sep  6 00:36:31 UTC 2024
Log of automatic commit at Fri Sep  6 02:04:57 UTC 2024
Log of automatic commit at Sat Sep  7 00:35:33 UTC 2024
Log of automatic commit at Sat Sep  7 02:04:50 UTC 2024
Log of automatic commit at Sun Sep  8 00:40:15 UTC 2024
Log of automatic commit at Sun Sep  8 02:10:16 UTC 2024
Log of automatic commit at Mon Sep  9 00:38:44 UTC 2024
Log of automatic commit at Mon Sep  9 02:08:03 UTC 2024
Log of automatic commit at Tue Sep 10 00:37:04 UTC 2024
Log of automatic commit at Tue Sep 10 02:06:05 UTC 2024
Log of automatic commit at Wed Sep 11 00:36:27 UTC 2024
Log of automatic commit at Wed Sep 11 02:05:14 UTC 2024
Log of automatic commit at Thu Sep 12 00:37:03 UTC 2024
Log of automatic commit at Thu Sep 12 02:05:10 UTC 2024
Log of automatic commit at Fri Sep 13 00:36:46 UTC 2024
Log of automatic commit at Fri Sep 13 02:06:26 UTC 2024
Log of automatic commit at Sat Sep 14 00:36:15 UTC 2024
Log of automatic commit at Sat Sep 14 02:04:04 UTC 2024
Log of automatic commit at Sun Sep 15 00:41:22 UTC 2024
Log of automatic commit at Sun Sep 15 02:14:33 UTC 2024
Log of automatic commit at Mon Sep 16 00:39:39 UTC 2024
Log of automatic commit at Mon Sep 16 02:12:56 UTC 2024
Log of automatic commit at Tue Sep 17 00:31:44 UTC 2024
Log of automatic commit at Tue Sep 17 01:42:51 UTC 2024
Log of automatic commit at Wed Sep 18 00:37:00 UTC 2024
Log of automatic commit at Wed Sep 18 02:05:53 UTC 2024
Log of automatic commit at Thu Sep 19 00:37:49 UTC 2024
Log of automatic commit at Thu Sep 19 02:07:41 UTC 2024
Log of automatic commit at Fri Sep 20 00:37:35 UTC 2024
Log of automatic commit at Fri Sep 20 02:07:53 UTC 2024
Log of automatic commit at Sat Sep 21 00:36:57 UTC 2024
Log of automatic commit at Sat Sep 21 02:05:30 UTC 2024
Log of automatic commit at Sun Sep 22 00:41:48 UTC 2024
Log of automatic commit at Sun Sep 22 02:15:14 UTC 2024
Log of automatic commit at Mon Sep 23 00:39:30 UTC 2024
Log of automatic commit at Mon Sep 23 02:10:20 UTC 2024
Log of automatic commit at Tue Sep 24 00:38:44 UTC 2024
Log of automatic commit at Tue Sep 24 02:10:54 UTC 2024
Log of automatic commit at Wed Sep 25 00:38:57 UTC 2024
Log of automatic commit at Wed Sep 25 02:11:54 UTC 2024
Log of automatic commit at Thu Sep 26 00:38:04 UTC 2024
Log of automatic commit at Thu Sep 26 02:10:09 UTC 2024
Log of automatic commit at Fri Sep 27 00:38:45 UTC 2024
Log of automatic commit at Fri Sep 27 02:10:52 UTC 2024
Log of automatic commit at Sat Sep 28 00:38:20 UTC 2024
Log of automatic commit at Sat Sep 28 02:09:18 UTC 2024
Log of automatic commit at Sun Sep 29 00:42:35 UTC 2024
Log of automatic commit at Sun Sep 29 02:16:37 UTC 2024
Log of automatic commit at Mon Sep 30 00:40:32 UTC 2024
Log of automatic commit at Mon Sep 30 02:15:18 UTC 2024
Log of automatic commit at Tue Oct  1 00:42:55 UTC 2024
Log of automatic commit at Tue Oct  1 02:19:57 UTC 2024
Log of automatic commit at Wed Oct  2 00:38:37 UTC 2024
Log of automatic commit at Wed Oct  2 02:10:13 UTC 2024
Log of automatic commit at Thu Oct  3 00:38:52 UTC 2024
Log of automatic commit at Thu Oct  3 02:10:51 UTC 2024
Log of automatic commit at Fri Oct  4 00:38:54 UTC 2024
Log of automatic commit at Fri Oct  4 02:10:52 UTC 2024
Log of automatic commit at Sat Oct  5 00:38:15 UTC 2024
Log of automatic commit at Sat Oct  5 02:08:50 UTC 2024
Log of automatic commit at Sun Oct  6 00:42:07 UTC 2024
Log of automatic commit at Sun Oct  6 02:16:22 UTC 2024
Log of automatic commit at Mon Oct  7 00:40:50 UTC 2024
Log of automatic commit at Mon Oct  7 02:13:50 UTC 2024
Log of automatic commit at Tue Oct  8 00:38:37 UTC 2024
Log of automatic commit at Tue Oct  8 02:13:07 UTC 2024
Log of automatic commit at Wed Oct  9 00:38:39 UTC 2024
Log of automatic commit at Wed Oct  9 02:10:00 UTC 2024
Log of automatic commit at Thu Oct 10 00:38:28 UTC 2024
Log of automatic commit at Thu Oct 10 02:10:26 UTC 2024
Log of automatic commit at Fri Oct 11 00:38:45 UTC 2024
Log of automatic commit at Fri Oct 11 02:10:01 UTC 2024
Log of automatic commit at Sat Oct 12 00:37:40 UTC 2024
Log of automatic commit at Sat Oct 12 02:07:14 UTC 2024
Log of automatic commit at Sun Oct 13 00:41:56 UTC 2024
Log of automatic commit at Sun Oct 13 02:15:32 UTC 2024
Log of automatic commit at Mon Oct 14 00:40:50 UTC 2024
Log of automatic commit at Mon Oct 14 02:13:24 UTC 2024
Log of automatic commit at Tue Oct 15 00:39:30 UTC 2024
Log of automatic commit at Tue Oct 15 02:12:16 UTC 2024
Log of automatic commit at Wed Oct 16 00:39:21 UTC 2024
Log of automatic commit at Wed Oct 16 02:12:53 UTC 2024
Log of automatic commit at Thu Oct 17 00:39:05 UTC 2024
Log of automatic commit at Thu Oct 17 02:11:12 UTC 2024
Log of automatic commit at Fri Oct 18 00:39:11 UTC 2024
Log of automatic commit at Fri Oct 18 02:11:53 UTC 2024
Log of automatic commit at Sat Oct 19 00:38:45 UTC 2024
Log of automatic commit at Sat Oct 19 02:09:12 UTC 2024
Log of automatic commit at Sun Oct 20 00:42:51 UTC 2024
Log of automatic commit at Sun Oct 20 02:18:14 UTC 2024
Log of automatic commit at Tue Oct 22 00:39:43 UTC 2024
Log of automatic commit at Tue Oct 22 02:11:57 UTC 2024
Log of automatic commit at Wed Oct 23 00:39:09 UTC 2024
Log of automatic commit at Wed Oct 23 02:10:59 UTC 2024
Log of automatic commit at Thu Oct 24 00:39:14 UTC 2024
Log of automatic commit at Thu Oct 24 02:10:53 UTC 2024
Log of automatic commit at Fri Oct 25 00:39:43 UTC 2024
Log of automatic commit at Fri Oct 25 02:12:26 UTC 2024
Log of automatic commit at Sat Oct 26 00:38:24 UTC 2024
Log of automatic commit at Sat Oct 26 02:07:49 UTC 2024
Log of automatic commit at Sun Oct 27 00:42:53 UTC 2024
Log of automatic commit at Sun Oct 27 02:17:14 UTC 2024
Log of automatic commit at Mon Oct 28 00:41:45 UTC 2024
Log of automatic commit at Mon Oct 28 02:15:32 UTC 2024
Log of automatic commit at Tue Oct 29 00:40:18 UTC 2024
Log of automatic commit at Tue Oct 29 02:13:14 UTC 2024
Log of automatic commit at Wed Oct 30 00:39:47 UTC 2024
Log of automatic commit at Wed Oct 30 02:12:20 UTC 2024
Log of automatic commit at Thu Oct 31 00:40:08 UTC 2024
Log of automatic commit at Thu Oct 31 02:13:12 UTC 2024
Log of automatic commit at Fri Nov  1 00:43:13 UTC 2024
Log of automatic commit at Fri Nov  1 02:19:16 UTC 2024
Log of automatic commit at Sat Nov  2 00:38:50 UTC 2024
Log of automatic commit at Sat Nov  2 02:09:14 UTC 2024
Log of automatic commit at Sun Nov  3 00:42:51 UTC 2024
Log of automatic commit at Sun Nov  3 02:16:34 UTC 2024
Log of automatic commit at Mon Nov  4 00:41:20 UTC 2024
Log of automatic commit at Mon Nov  4 02:13:59 UTC 2024
Log of automatic commit at Tue Nov  5 00:38:59 UTC 2024
Log of automatic commit at Tue Nov  5 02:08:59 UTC 2024
Log of automatic commit at Wed Nov  6 00:38:36 UTC 2024
Log of automatic commit at Wed Nov  6 02:08:19 UTC 2024
Log of automatic commit at Thu Nov  7 00:38:58 UTC 2024
Log of automatic commit at Thu Nov  7 02:09:18 UTC 2024
Log of automatic commit at Fri Nov  8 00:38:52 UTC 2024
Log of automatic commit at Fri Nov  8 02:09:28 UTC 2024
Log of automatic commit at Sat Nov  9 00:38:00 UTC 2024
Log of automatic commit at Sat Nov  9 02:05:59 UTC 2024
Log of automatic commit at Sun Nov 10 00:41:55 UTC 2024
Log of automatic commit at Sun Nov 10 02:13:07 UTC 2024
Log of automatic commit at Mon Nov 11 00:40:19 UTC 2024
Log of automatic commit at Mon Nov 11 02:11:28 UTC 2024
Log of automatic commit at Tue Nov 12 00:38:22 UTC 2024
Log of automatic commit at Tue Nov 12 02:07:36 UTC 2024
Log of automatic commit at Wed Nov 13 00:39:17 UTC 2024
Log of automatic commit at Wed Nov 13 02:09:41 UTC 2024
Log of automatic commit at Thu Nov 14 00:39:09 UTC 2024
Log of automatic commit at Thu Nov 14 02:10:23 UTC 2024
Log of automatic commit at Fri Nov 15 00:41:39 UTC 2024
Log of automatic commit at Fri Nov 15 02:16:42 UTC 2024
Log of automatic commit at Sat Nov 16 00:40:45 UTC 2024
Log of automatic commit at Sat Nov 16 02:14:19 UTC 2024
Log of automatic commit at Sun Nov 17 00:44:01 UTC 2024
Log of automatic commit at Sun Nov 17 02:20:44 UTC 2024
Log of automatic commit at Mon Nov 18 00:43:10 UTC 2024
Log of automatic commit at Mon Nov 18 02:19:16 UTC 2024
Log of automatic commit at Tue Nov 19 00:41:38 UTC 2024
Log of automatic commit at Tue Nov 19 02:17:11 UTC 2024
Log of automatic commit at Wed Nov 20 00:41:22 UTC 2024
Log of automatic commit at Wed Nov 20 02:15:52 UTC 2024
Log of automatic commit at Thu Nov 21 00:41:03 UTC 2024
Log of automatic commit at Thu Nov 21 02:15:47 UTC 2024
Log of automatic commit at Fri Nov 22 00:41:53 UTC 2024
Log of automatic commit at Fri Nov 22 02:16:46 UTC 2024
Log of automatic commit at Sat Nov 23 00:40:12 UTC 2024
Log of automatic commit at Sat Nov 23 02:13:11 UTC 2024
Log of automatic commit at Sun Nov 24 00:44:22 UTC 2024
Log of automatic commit at Sun Nov 24 02:22:38 UTC 2024
Log of automatic commit at Mon Nov 25 00:43:09 UTC 2024
Log of automatic commit at Mon Nov 25 02:18:35 UTC 2024
Log of automatic commit at Tue Nov 26 00:41:38 UTC 2024
Log of automatic commit at Tue Nov 26 02:17:45 UTC 2024
Log of automatic commit at Wed Nov 27 00:42:05 UTC 2024
Log of automatic commit at Wed Nov 27 02:19:37 UTC 2024
Log of automatic commit at Thu Nov 28 00:42:08 UTC 2024
Log of automatic commit at Thu Nov 28 02:19:17 UTC 2024
Log of automatic commit at Fri Nov 29 00:42:06 UTC 2024
Log of automatic commit at Fri Nov 29 02:19:12 UTC 2024
Log of automatic commit at Sat Nov 30 00:41:01 UTC 2024
Log of automatic commit at Sat Nov 30 02:14:53 UTC 2024
Log of automatic commit at Sun Dec  1 00:49:51 UTC 2024
Log of automatic commit at Sun Dec  1 02:41:39 UTC 2024
Log of automatic commit at Mon Dec  2 00:44:23 UTC 2024
Log of automatic commit at Mon Dec  2 02:22:41 UTC 2024
Log of automatic commit at Tue Dec  3 00:43:33 UTC 2024
Log of automatic commit at Tue Dec  3 02:21:28 UTC 2024
Log of automatic commit at Wed Dec  4 00:43:14 UTC 2024
Log of automatic commit at Wed Dec  4 02:21:26 UTC 2024
Log of automatic commit at Thu Dec  5 00:43:07 UTC 2024
Log of automatic commit at Thu Dec  5 02:21:42 UTC 2024
Log of automatic commit at Fri Dec  6 00:42:58 UTC 2024
Log of automatic commit at Fri Dec  6 02:20:43 UTC 2024
Log of automatic commit at Sat Dec  7 00:42:13 UTC 2024
Log of automatic commit at Sat Dec  7 02:18:52 UTC 2024
Log of automatic commit at Sun Dec  8 00:46:15 UTC 2024
Log of automatic commit at Sun Dec  8 02:28:03 UTC 2024
Log of automatic commit at Mon Dec  9 00:44:26 UTC 2024
Log of automatic commit at Mon Dec  9 02:24:15 UTC 2024
Log of automatic commit at Tue Dec 10 00:44:21 UTC 2024
Log of automatic commit at Tue Dec 10 02:23:12 UTC 2024
Log of automatic commit at Wed Dec 11 00:43:55 UTC 2024
Log of automatic commit at Wed Dec 11 02:20:57 UTC 2024
Log of automatic commit at Thu Dec 12 00:43:46 UTC 2024
Log of automatic commit at Thu Dec 12 02:20:53 UTC 2024
Log of automatic commit at Fri Dec 13 00:44:13 UTC 2024
Log of automatic commit at Fri Dec 13 02:22:33 UTC 2024
Log of automatic commit at Sat Dec 14 00:42:37 UTC 2024
Log of automatic commit at Sat Dec 14 02:17:03 UTC 2024
Log of automatic commit at Sun Dec 15 00:47:20 UTC 2024
Log of automatic commit at Sun Dec 15 02:27:32 UTC 2024
Log of automatic commit at Mon Dec 16 00:45:46 UTC 2024
Log of automatic commit at Mon Dec 16 02:23:56 UTC 2024
Log of automatic commit at Tue Dec 17 00:43:49 UTC 2024
Log of automatic commit at Tue Dec 17 02:20:32 UTC 2024
Log of automatic commit at Wed Dec 18 00:42:22 UTC 2024
Log of automatic commit at Wed Dec 18 02:15:58 UTC 2024
Log of automatic commit at Thu Dec 19 00:42:47 UTC 2024
Log of automatic commit at Thu Dec 19 02:16:57 UTC 2024
Log of automatic commit at Fri Dec 20 00:40:43 UTC 2024
Log of automatic commit at Fri Dec 20 02:10:46 UTC 2024
Log of automatic commit at Sat Dec 21 00:40:05 UTC 2024
Log of automatic commit at Sat Dec 21 02:07:55 UTC 2024
Log of automatic commit at Sun Dec 22 00:44:02 UTC 2024
Log of automatic commit at Sun Dec 22 02:16:02 UTC 2024
Log of automatic commit at Mon Dec 23 00:42:20 UTC 2024
Log of automatic commit at Mon Dec 23 02:11:50 UTC 2024
Log of automatic commit at Tue Dec 24 00:40:46 UTC 2024
Log of automatic commit at Tue Dec 24 02:10:00 UTC 2024
Log of automatic commit at Wed Dec 25 00:40:05 UTC 2024
Log of automatic commit at Wed Dec 25 02:08:37 UTC 2024
Log of automatic commit at Thu Dec 26 00:40:12 UTC 2024
Log of automatic commit at Thu Dec 26 02:09:03 UTC 2024
Log of automatic commit at Fri Dec 27 00:40:29 UTC 2024
Log of automatic commit at Fri Dec 27 02:10:17 UTC 2024
Log of automatic commit at Sat Dec 28 00:39:53 UTC 2024
Log of automatic commit at Sat Dec 28 02:07:04 UTC 2024
Log of automatic commit at Sun Dec 29 00:44:23 UTC 2024
Log of automatic commit at Sun Dec 29 02:17:31 UTC 2024
Log of automatic commit at Mon Dec 30 00:42:27 UTC 2024
Log of automatic commit at Mon Dec 30 02:12:34 UTC 2024
Log of automatic commit at Tue Dec 31 00:40:31 UTC 2024
Log of automatic commit at Tue Dec 31 02:09:05 UTC 2024
Log of automatic commit at Wed Jan  1 00:44:41 UTC 2025
Log of automatic commit at Wed Jan  1 02:17:41 UTC 2025
Log of automatic commit at Thu Jan  2 00:40:14 UTC 2025
Log of automatic commit at Thu Jan  2 02:09:07 UTC 2025
Log of automatic commit at Fri Jan  3 00:40:52 UTC 2025
Log of automatic commit at Fri Jan  3 02:10:16 UTC 2025
Log of automatic commit at Sat Jan  4 00:39:47 UTC 2025
Log of automatic commit at Sat Jan  4 02:07:26 UTC 2025
Log of automatic commit at Sun Jan  5 00:44:22 UTC 2025
Log of automatic commit at Sun Jan  5 02:16:21 UTC 2025
Log of automatic commit at Mon Jan  6 00:42:57 UTC 2025
Log of automatic commit at Mon Jan  6 02:14:30 UTC 2025
Log of automatic commit at Tue Jan  7 00:41:21 UTC 2025
Log of automatic commit at Tue Jan  7 02:11:16 UTC 2025
Log of automatic commit at Wed Jan  8 00:41:05 UTC 2025
Log of automatic commit at Wed Jan  8 02:10:07 UTC 2025
Log of automatic commit at Thu Jan  9 00:41:04 UTC 2025
Log of automatic commit at Thu Jan  9 02:41:38 UTC 2025
Log of automatic commit at Fri Jan 10 00:42:07 UTC 2025
Log of automatic commit at Fri Jan 10 02:13:10 UTC 2025
Log of automatic commit at Sat Jan 11 00:40:54 UTC 2025
Log of automatic commit at Sat Jan 11 02:09:56 UTC 2025
Log of automatic commit at Sun Jan 12 00:45:21 UTC 2025
Log of automatic commit at Sun Jan 12 02:18:10 UTC 2025
Log of automatic commit at Mon Jan 13 00:44:04 UTC 2025
Log of automatic commit at Mon Jan 13 02:15:11 UTC 2025
Log of automatic commit at Tue Jan 14 00:39:19 UTC 2025
Log of automatic commit at Tue Jan 14 02:05:21 UTC 2025
Log of automatic commit at Wed Jan 15 00:40:16 UTC 2025
Log of automatic commit at Wed Jan 15 02:07:26 UTC 2025
Log of automatic commit at Thu Jan 16 00:40:01 UTC 2025
Log of automatic commit at Thu Jan 16 02:06:05 UTC 2025
Log of automatic commit at Fri Jan 17 00:39:42 UTC 2025
Log of automatic commit at Fri Jan 17 02:05:56 UTC 2025
Log of automatic commit at Sat Jan 18 00:38:33 UTC 2025
Log of automatic commit at Sat Jan 18 02:03:21 UTC 2025
Log of automatic commit at Sun Jan 19 00:43:05 UTC 2025
Log of automatic commit at Sun Jan 19 02:12:16 UTC 2025
Log of automatic commit at Mon Jan 20 00:41:13 UTC 2025
Log of automatic commit at Mon Jan 20 02:08:28 UTC 2025
Log of automatic commit at Tue Jan 21 00:39:39 UTC 2025
Log of automatic commit at Tue Jan 21 02:07:00 UTC 2025
Log of automatic commit at Wed Jan 22 00:40:34 UTC 2025
Log of automatic commit at Wed Jan 22 02:08:56 UTC 2025
Log of automatic commit at Thu Jan 23 00:40:26 UTC 2025
Log of automatic commit at Thu Jan 23 02:07:12 UTC 2025
Log of automatic commit at Fri Jan 24 00:40:20 UTC 2025
Log of automatic commit at Fri Jan 24 02:07:36 UTC 2025
Log of automatic commit at Sat Jan 25 00:39:15 UTC 2025
Log of automatic commit at Sat Jan 25 02:02:29 UTC 2025
Log of automatic commit at Sun Jan 26 00:41:15 UTC 2025
Log of automatic commit at Sun Jan 26 02:09:27 UTC 2025
Log of automatic commit at Mon Jan 27 00:41:29 UTC 2025
Log of automatic commit at Mon Jan 27 02:08:54 UTC 2025
Log of automatic commit at Tue Jan 28 00:40:12 UTC 2025
Log of automatic commit at Tue Jan 28 02:06:42 UTC 2025
Log of automatic commit at Wed Jan 29 00:40:30 UTC 2025
Log of automatic commit at Wed Jan 29 02:06:27 UTC 2025
Log of automatic commit at Thu Jan 30 00:39:40 UTC 2025
Log of automatic commit at Thu Jan 30 02:05:25 UTC 2025
Log of automatic commit at Fri Jan 31 00:40:23 UTC 2025
Log of automatic commit at Fri Jan 31 02:07:01 UTC 2025
Log of automatic commit at Sat Feb  1 00:43:12 UTC 2025
Log of automatic commit at Sat Feb  1 02:10:50 UTC 2025
Log of automatic commit at Sun Feb  2 00:43:09 UTC 2025
Log of automatic commit at Sun Feb  2 02:10:17 UTC 2025
Log of automatic commit at Mon Feb  3 00:41:44 UTC 2025
Log of automatic commit at Mon Feb  3 02:07:53 UTC 2025
Log of automatic commit at Tue Feb  4 00:40:32 UTC 2025
Log of automatic commit at Tue Feb  4 02:07:22 UTC 2025
Log of automatic commit at Wed Feb  5 00:40:47 UTC 2025
Log of automatic commit at Wed Feb  5 02:08:42 UTC 2025
Log of automatic commit at Thu Feb  6 00:41:20 UTC 2025
Log of automatic commit at Thu Feb  6 02:09:02 UTC 2025
Log of automatic commit at Fri Feb  7 00:41:09 UTC 2025
Log of automatic commit at Fri Feb  7 02:10:05 UTC 2025
Log of automatic commit at Sat Feb  8 00:39:55 UTC 2025
Log of automatic commit at Sat Feb  8 02:05:30 UTC 2025
Log of automatic commit at Sun Feb  9 00:43:29 UTC 2025
Log of automatic commit at Sun Feb  9 02:11:50 UTC 2025
Log of automatic commit at Mon Feb 10 00:42:23 UTC 2025
Log of automatic commit at Mon Feb 10 02:10:04 UTC 2025
Log of automatic commit at Tue Feb 11 00:41:05 UTC 2025
Log of automatic commit at Tue Feb 11 02:10:04 UTC 2025
Log of automatic commit at Wed Feb 12 00:41:00 UTC 2025
Log of automatic commit at Wed Feb 12 02:11:57 UTC 2025
Log of automatic commit at Thu Feb 13 00:41:19 UTC 2025
Log of automatic commit at Thu Feb 13 02:09:34 UTC 2025
Log of automatic commit at Fri Feb 14 00:41:01 UTC 2025
Log of automatic commit at Fri Feb 14 02:09:18 UTC 2025
Log of automatic commit at Sat Feb 15 00:40:30 UTC 2025
Log of automatic commit at Sat Feb 15 02:08:21 UTC 2025
Log of automatic commit at Sun Feb 16 00:44:38 UTC 2025
Log of automatic commit at Sun Feb 16 02:15:19 UTC 2025
Log of automatic commit at Mon Feb 17 00:43:27 UTC 2025
Log of automatic commit at Mon Feb 17 02:12:23 UTC 2025
Log of automatic commit at Tue Feb 18 00:40:46 UTC 2025
Log of automatic commit at Tue Feb 18 02:08:50 UTC 2025
Log of automatic commit at Wed Feb 19 00:41:15 UTC 2025
Log of automatic commit at Wed Feb 19 02:10:05 UTC 2025
Log of automatic commit at Thu Feb 20 00:41:28 UTC 2025
Log of automatic commit at Thu Feb 20 02:10:25 UTC 2025
Log of automatic commit at Fri Feb 21 00:41:44 UTC 2025
Log of automatic commit at Fri Feb 21 02:10:49 UTC 2025
Log of automatic commit at Sat Feb 22 00:40:03 UTC 2025
Log of automatic commit at Sat Feb 22 02:06:49 UTC 2025
Log of automatic commit at Sun Feb 23 00:44:18 UTC 2025
Log of automatic commit at Sun Feb 23 02:15:46 UTC 2025
Log of automatic commit at Mon Feb 24 00:43:07 UTC 2025
Log of automatic commit at Mon Feb 24 02:15:00 UTC 2025
Log of automatic commit at Tue Feb 25 00:42:15 UTC 2025
Log of automatic commit at Tue Feb 25 02:12:49 UTC 2025
Log of automatic commit at Wed Feb 26 00:41:43 UTC 2025
Log of automatic commit at Wed Feb 26 02:12:40 UTC 2025
Log of automatic commit at Thu Feb 27 00:41:59 UTC 2025
Log of automatic commit at Thu Feb 27 02:13:19 UTC 2025
Log of automatic commit at Fri Feb 28 00:42:08 UTC 2025
Log of automatic commit at Fri Feb 28 02:14:28 UTC 2025
Log of automatic commit at Sat Mar  1 00:45:23 UTC 2025
Log of automatic commit at Sat Mar  1 02:18:20 UTC 2025
Log of automatic commit at Sun Mar  2 00:45:02 UTC 2025
Log of automatic commit at Sun Mar  2 02:17:16 UTC 2025
Log of automatic commit at Mon Mar  3 00:44:02 UTC 2025
Log of automatic commit at Mon Mar  3 02:15:36 UTC 2025
Log of automatic commit at Tue Mar  4 00:43:01 UTC 2025
Log of automatic commit at Tue Mar  4 02:14:56 UTC 2025
Log of automatic commit at Wed Mar  5 00:42:40 UTC 2025
Log of automatic commit at Wed Mar  5 02:14:53 UTC 2025
Log of automatic commit at Thu Mar  6 00:42:37 UTC 2025
Log of automatic commit at Thu Mar  6 02:15:05 UTC 2025
Log of automatic commit at Fri Mar  7 00:43:03 UTC 2025
Log of automatic commit at Fri Mar  7 02:15:56 UTC 2025
Log of automatic commit at Sat Mar  8 00:35:05 UTC 2025
Log of automatic commit at Sat Mar  8 01:45:30 UTC 2025
Log of automatic commit at Sun Mar  9 00:38:29 UTC 2025
Log of automatic commit at Sun Mar  9 01:55:54 UTC 2025
Log of automatic commit at Mon Mar 10 00:37:30 UTC 2025
Log of automatic commit at Mon Mar 10 01:57:51 UTC 2025
Log of automatic commit at Tue Mar 11 00:42:52 UTC 2025
Log of automatic commit at Tue Mar 11 02:15:52 UTC 2025
Log of automatic commit at Wed Mar 12 00:42:41 UTC 2025
Log of automatic commit at Wed Mar 12 02:14:36 UTC 2025
Log of automatic commit at Thu Mar 13 00:43:15 UTC 2025
Log of automatic commit at Thu Mar 13 02:16:15 UTC 2025
Log of automatic commit at Fri Mar 14 00:42:24 UTC 2025
Log of automatic commit at Fri Mar 14 02:15:05 UTC 2025
Log of automatic commit at Sat Mar 15 00:41:51 UTC 2025
Log of automatic commit at Sat Mar 15 02:13:15 UTC 2025
Log of automatic commit at Sun Mar 16 00:46:37 UTC 2025
Log of automatic commit at Sun Mar 16 02:20:57 UTC 2025
Log of automatic commit at Mon Mar 17 00:44:47 UTC 2025
Log of automatic commit at Mon Mar 17 02:18:49 UTC 2025
Log of automatic commit at Tue Mar 18 00:42:54 UTC 2025
Log of automatic commit at Tue Mar 18 02:17:43 UTC 2025
Log of automatic commit at Wed Mar 19 00:43:39 UTC 2025
Log of automatic commit at Wed Mar 19 02:17:20 UTC 2025
Log of automatic commit at Thu Mar 20 00:42:34 UTC 2025
Log of automatic commit at Thu Mar 20 02:15:59 UTC 2025
Log of automatic commit at Fri Mar 21 02:17:58 UTC 2025
Log of automatic commit at Sat Mar 22 02:14:30 UTC 2025
Log of automatic commit at Sun Mar 23 02:23:24 UTC 2025
Log of automatic commit at Mon Mar 24 02:21:16 UTC 2025
Log of automatic commit at Tue Mar 25 02:18:55 UTC 2025
Log of automatic commit at Wed Mar 26 02:17:57 UTC 2025
Log of automatic commit at Thu Mar 27 02:17:56 UTC 2025
Log of automatic commit at Fri Mar 28 02:19:37 UTC 2025
Log of automatic commit at Sat Mar 29 02:16:23 UTC 2025
Log of automatic commit at Sun Mar 30 02:24:46 UTC 2025
Log of automatic commit at Mon Mar 31 02:24:13 UTC 2025
Log of automatic commit at Tue Apr  1 02:30:32 UTC 2025
Log of automatic commit at Wed Apr  2 02:20:00 UTC 2025
Log of automatic commit at Thu Apr  3 02:21:07 UTC 2025
Log of automatic commit at Fri Apr  4 02:18:59 UTC 2025
Log of automatic commit at Sat Apr  5 02:16:40 UTC 2025
Log of automatic commit at Sun Apr  6 02:23:55 UTC 2025
Log of automatic commit at Mon Apr  7 02:22:43 UTC 2025
Log of automatic commit at Tue Apr  8 02:19:45 UTC 2025
Log of automatic commit at Wed Apr  9 02:20:50 UTC 2025
Log of automatic commit at Thu Apr 10 02:19:39 UTC 2025
Log of automatic commit at Fri Apr 11 02:20:28 UTC 2025
Log of automatic commit at Sat Apr 12 02:16:55 UTC 2025
Log of automatic commit at Sun Apr 13 03:39:28 UTC 2025
Log of automatic commit at Mon Apr 14 02:24:10 UTC 2025
Log of automatic commit at Tue Apr 15 02:23:29 UTC 2025
Log of automatic commit at Wed Apr 16 02:22:42 UTC 2025
Log of automatic commit at Thu Apr 17 02:21:36 UTC 2025
Log of automatic commit at Fri Apr 18 02:18:36 UTC 2025
Log of automatic commit at Sun Apr 20 02:26:41 UTC 2025
Log of automatic commit at Mon Apr 21 02:26:44 UTC 2025
Log of automatic commit at Tue Apr 22 02:21:56 UTC 2025
Log of automatic commit at Wed Apr 23 02:22:37 UTC 2025
Log of automatic commit at Thu Apr 24 00:45:17 UTC 2025
Log of automatic commit at Thu Apr 24 02:23:31 UTC 2025
Log of automatic commit at Fri Apr 25 00:45:27 UTC 2025
Log of automatic commit at Fri Apr 25 02:23:50 UTC 2025
Log of automatic commit at Sat Apr 26 00:44:16 UTC 2025
Log of automatic commit at Sat Apr 26 02:18:30 UTC 2025
Log of automatic commit at Sun Apr 27 00:48:30 UTC 2025
Log of automatic commit at Sun Apr 27 02:27:30 UTC 2025
Log of automatic commit at Mon Apr 28 00:47:15 UTC 2025
Log of automatic commit at Mon Apr 28 02:27:10 UTC 2025
Log of automatic commit at Tue Apr 29 00:45:41 UTC 2025
Log of automatic commit at Tue Apr 29 02:23:57 UTC 2025
Log of automatic commit at Wed Apr 30 00:45:29 UTC 2025
Log of automatic commit at Wed Apr 30 02:23:43 UTC 2025
Log of automatic commit at Thu May  1 00:50:34 UTC 2025
Log of automatic commit at Thu May  1 02:40:31 UTC 2025
Log of automatic commit at Fri May  2 00:45:55 UTC 2025
Log of automatic commit at Fri May  2 02:24:41 UTC 2025
Log of automatic commit at Sat May  3 02:21:37 UTC 2025
Log of automatic commit at Sun May  4 02:40:34 UTC 2025
Log of automatic commit at Mon May  5 02:28:39 UTC 2025
Log of automatic commit at Tue May  6 02:25:13 UTC 2025
Log of automatic commit at Wed May  7 02:26:27 UTC 2025
Log of automatic commit at Thu May  8 02:27:11 UTC 2025
Log of automatic commit at Fri May  9 02:26:25 UTC 2025
Log of automatic commit at Sat May 10 02:21:31 UTC 2025
Log of automatic commit at Sun May 11 02:31:15 UTC 2025
Log of automatic commit at Mon May 12 02:29:29 UTC 2025
Log of automatic commit at Tue May 13 02:28:09 UTC 2025
Log of automatic commit at Wed May 14 02:26:43 UTC 2025
Log of automatic commit at Thu May 15 02:25:39 UTC 2025
Log of automatic commit at Fri May 16 02:28:13 UTC 2025
Log of automatic commit at Sat May 17 02:23:50 UTC 2025
Log of automatic commit at Sun May 18 02:40:09 UTC 2025
Log of automatic commit at Mon May 19 02:40:50 UTC 2025
Log of automatic commit at Tue May 20 02:28:36 UTC 2025
Log of automatic commit at Wed May 21 02:28:18 UTC 2025
Log of automatic commit at Thu May 22 02:27:34 UTC 2025
Log of automatic commit at Fri May 23 02:27:44 UTC 2025
Log of automatic commit at Sat May 24 02:23:00 UTC 2025
Log of automatic commit at Sun May 25 02:43:19 UTC 2025
Log of automatic commit at Mon May 26 02:31:28 UTC 2025
Log of automatic commit at Tue May 27 02:27:01 UTC 2025
Log of automatic commit at Wed May 28 02:29:03 UTC 2025
Log of automatic commit at Thu May 29 02:28:47 UTC 2025
Log of automatic commit at Fri May 30 02:26:55 UTC 2025
Log of automatic commit at Sat May 31 02:25:20 UTC 2025
Log of automatic commit at Sun Jun  1 02:55:24 UTC 2025
Log of automatic commit at Mon Jun  2 02:42:56 UTC 2025
Log of automatic commit at Tue Jun  3 02:30:44 UTC 2025
Log of automatic commit at Wed Jun  4 02:31:03 UTC 2025
Log of automatic commit at Thu Jun  5 02:29:47 UTC 2025
Log of automatic commit at Fri Jun  6 02:29:32 UTC 2025
Log of automatic commit at Sat Jun  7 02:27:59 UTC 2025
Log of automatic commit at Sun Jun  8 02:46:49 UTC 2025
Log of automatic commit at Mon Jun  9 00:49:56 UTC 2025
Log of automatic commit at Mon Jun  9 02:44:54 UTC 2025
Log of automatic commit at Tue Jun 10 00:47:08 UTC 2025
Log of automatic commit at Tue Jun 10 02:40:49 UTC 2025
Log of automatic commit at Wed Jun 11 00:47:19 UTC 2025
Log of automatic commit at Wed Jun 11 02:39:36 UTC 2025
Log of automatic commit at Thu Jun 12 00:46:58 UTC 2025
Log of automatic commit at Thu Jun 12 02:30:06 UTC 2025
Log of automatic commit at Fri Jun 13 00:47:30 UTC 2025
Log of automatic commit at Fri Jun 13 02:39:52 UTC 2025
Log of automatic commit at Sat Jun 14 00:45:44 UTC 2025
Log of automatic commit at Sat Jun 14 02:27:02 UTC 2025
Log of automatic commit at Sun Jun 15 00:52:06 UTC 2025
Log of automatic commit at Sun Jun 15 02:48:07 UTC 2025
Log of automatic commit at Mon Jun 16 00:49:21 UTC 2025
Log of automatic commit at Mon Jun 16 02:44:15 UTC 2025
Log of automatic commit at Tue Jun 17 00:47:21 UTC 2025
Log of automatic commit at Tue Jun 17 02:40:24 UTC 2025
Log of automatic commit at Wed Jun 18 00:47:26 UTC 2025
Log of automatic commit at Wed Jun 18 02:31:12 UTC 2025
Log of automatic commit at Thu Jun 19 00:47:39 UTC 2025
Log of automatic commit at Thu Jun 19 02:40:34 UTC 2025
Log of automatic commit at Fri Jun 20 00:47:24 UTC 2025
Log of automatic commit at Fri Jun 20 02:31:07 UTC 2025
Log of automatic commit at Sat Jun 21 00:46:42 UTC 2025
Log of automatic commit at Sat Jun 21 02:27:53 UTC 2025
Log of automatic commit at Sun Jun 22 00:52:03 UTC 2025
Log of automatic commit at Sun Jun 22 02:48:49 UTC 2025
Log of automatic commit at Mon Jun 23 00:51:00 UTC 2025
Log of automatic commit at Mon Jun 23 02:49:05 UTC 2025
Log of automatic commit at Tue Jun 24 00:47:57 UTC 2025
Log of automatic commit at Tue Jun 24 02:41:19 UTC 2025
Log of automatic commit at Wed Jun 25 00:48:13 UTC 2025
Log of automatic commit at Wed Jun 25 02:42:00 UTC 2025
Log of automatic commit at Thu Jun 26 00:47:29 UTC 2025
Log of automatic commit at Thu Jun 26 02:41:03 UTC 2025
Log of automatic commit at Fri Jun 27 00:48:21 UTC 2025
Log of automatic commit at Fri Jun 27 02:41:57 UTC 2025
Log of automatic commit at Sat Jun 28 00:46:15 UTC 2025
Log of automatic commit at Sat Jun 28 02:28:50 UTC 2025
Log of automatic commit at Sun Jun 29 00:53:23 UTC 2025
Log of automatic commit at Sun Jun 29 02:52:00 UTC 2025
Log of automatic commit at Mon Jun 30 00:51:05 UTC 2025
Log of automatic commit at Mon Jun 30 02:47:24 UTC 2025
Log of automatic commit at Tue Jul  1 00:54:19 UTC 2025
Log of automatic commit at Tue Jul  1 02:54:08 UTC 2025
Log of automatic commit at Wed Jul  2 00:47:42 UTC 2025
Log of automatic commit at Wed Jul  2 02:41:35 UTC 2025
Log of automatic commit at Thu Jul  3 00:48:07 UTC 2025
Log of automatic commit at Thu Jul  3 02:43:13 UTC 2025
Log of automatic commit at Fri Jul  4 00:47:30 UTC 2025
Log of automatic commit at Fri Jul  4 02:41:06 UTC 2025
Log of automatic commit at Sat Jul  5 00:45:57 UTC 2025
Log of automatic commit at Sat Jul  5 02:28:16 UTC 2025
Log of automatic commit at Sun Jul  6 00:52:33 UTC 2025
Log of automatic commit at Sun Jul  6 02:50:26 UTC 2025
Log of automatic commit at Mon Jul  7 00:51:20 UTC 2025
Log of automatic commit at Mon Jul  7 02:47:57 UTC 2025
Log of automatic commit at Tue Jul  8 00:47:53 UTC 2025
Log of automatic commit at Tue Jul  8 02:42:49 UTC 2025
Log of automatic commit at Wed Jul  9 00:48:57 UTC 2025
Log of automatic commit at Wed Jul  9 02:44:34 UTC 2025
Log of automatic commit at Thu Jul 10 00:48:14 UTC 2025
Log of automatic commit at Thu Jul 10 02:44:30 UTC 2025
Log of automatic commit at Fri Jul 11 00:48:59 UTC 2025
Log of automatic commit at Fri Jul 11 02:47:50 UTC 2025
Log of automatic commit at Sat Jul 12 00:49:25 UTC 2025
Log of automatic commit at Sat Jul 12 02:47:41 UTC 2025
Log of automatic commit at Sun Jul 13 00:54:32 UTC 2025
Log of automatic commit at Sun Jul 13 02:55:39 UTC 2025
Log of automatic commit at Mon Jul 14 00:52:15 UTC 2025
Log of automatic commit at Mon Jul 14 02:53:51 UTC 2025
Log of automatic commit at Tue Jul 15 00:50:50 UTC 2025
Log of automatic commit at Tue Jul 15 02:52:14 UTC 2025
Log of automatic commit at Wed Jul 16 00:49:23 UTC 2025
Log of automatic commit at Wed Jul 16 02:49:02 UTC 2025
Log of automatic commit at Thu Jul 17 00:50:03 UTC 2025
Log of automatic commit at Thu Jul 17 02:49:23 UTC 2025
Log of automatic commit at Fri Jul 18 00:49:19 UTC 2025
Log of automatic commit at Fri Jul 18 02:51:47 UTC 2025
Log of automatic commit at Sat Jul 19 00:48:31 UTC 2025
Log of automatic commit at Sat Jul 19 02:43:53 UTC 2025
Log of automatic commit at Sun Jul 20 00:55:29 UTC 2025
Log of automatic commit at Sun Jul 20 02:59:20 UTC 2025
Log of automatic commit at Mon Jul 21 00:53:15 UTC 2025
Log of automatic commit at Mon Jul 21 02:57:45 UTC 2025
Log of automatic commit at Tue Jul 22 00:49:54 UTC 2025
Log of automatic commit at Tue Jul 22 02:50:55 UTC 2025
Log of automatic commit at Wed Jul 23 00:50:05 UTC 2025
Log of automatic commit at Wed Jul 23 02:52:07 UTC 2025
Log of automatic commit at Thu Jul 24 00:49:52 UTC 2025
Log of automatic commit at Thu Jul 24 02:50:59 UTC 2025
Log of automatic commit at Fri Jul 25 00:49:58 UTC 2025
Log of automatic commit at Fri Jul 25 02:50:58 UTC 2025
Log of automatic commit at Sat Jul 26 00:48:09 UTC 2025
Log of automatic commit at Sat Jul 26 02:45:26 UTC 2025
Log of automatic commit at Sun Jul 27 00:55:57 UTC 2025
Log of automatic commit at Sun Jul 27 03:01:05 UTC 2025
Log of automatic commit at Mon Jul 28 00:54:10 UTC 2025
Log of automatic commit at Mon Jul 28 02:58:54 UTC 2025
Log of automatic commit at Tue Jul 29 00:55:58 UTC 2025
Log of automatic commit at Tue Jul 29 03:02:54 UTC 2025
Log of automatic commit at Wed Jul 30 00:50:20 UTC 2025
Log of automatic commit at Wed Jul 30 02:55:05 UTC 2025
Log of automatic commit at Thu Jul 31 00:50:27 UTC 2025
Log of automatic commit at Thu Jul 31 02:54:18 UTC 2025
Log of automatic commit at Fri Aug  1 00:57:58 UTC 2025
Log of automatic commit at Fri Aug  1 03:06:55 UTC 2025
Log of automatic commit at Sat Aug  2 00:48:21 UTC 2025
Log of automatic commit at Sat Aug  2 02:46:38 UTC 2025
Log of automatic commit at Sun Aug  3 00:56:56 UTC 2025
Log of automatic commit at Sun Aug  3 03:03:39 UTC 2025
Log of automatic commit at Mon Aug  4 00:56:25 UTC 2025
Log of automatic commit at Mon Aug  4 03:05:40 UTC 2025
Log of automatic commit at Tue Aug  5 00:51:36 UTC 2025
Log of automatic commit at Tue Aug  5 02:57:51 UTC 2025
Log of automatic commit at Wed Aug  6 00:50:49 UTC 2025
Log of automatic commit at Wed Aug  6 02:56:02 UTC 2025
Log of automatic commit at Thu Aug  7 00:51:27 UTC 2025
Log of automatic commit at Thu Aug  7 02:56:29 UTC 2025
Log of automatic commit at Fri Aug  8 00:50:44 UTC 2025
Log of automatic commit at Fri Aug  8 02:55:48 UTC 2025
Log of automatic commit at Sat Aug  9 00:47:00 UTC 2025
Log of automatic commit at Sat Aug  9 02:41:42 UTC 2025
Log of automatic commit at Sun Aug 10 00:54:53 UTC 2025
Log of automatic commit at Sun Aug 10 02:58:15 UTC 2025
Log of automatic commit at Mon Aug 11 00:52:25 UTC 2025
Log of automatic commit at Mon Aug 11 02:55:44 UTC 2025
Log of automatic commit at Tue Aug 12 00:47:44 UTC 2025
Log of automatic commit at Tue Aug 12 02:31:09 UTC 2025
Log of automatic commit at Wed Aug 13 00:48:17 UTC 2025
Log of automatic commit at Wed Aug 13 02:42:07 UTC 2025
Log of automatic commit at Thu Aug 14 00:47:51 UTC 2025
Log of automatic commit at Thu Aug 14 02:43:35 UTC 2025
Log of automatic commit at Fri Aug 15 00:48:34 UTC 2025
Log of automatic commit at Fri Aug 15 02:44:51 UTC 2025
Log of automatic commit at Sat Aug 16 00:45:28 UTC 2025
Log of automatic commit at Sat Aug 16 02:28:21 UTC 2025
Log of automatic commit at Sun Aug 17 00:51:25 UTC 2025
Log of automatic commit at Sun Aug 17 02:49:18 UTC 2025
Log of automatic commit at Mon Aug 18 00:51:30 UTC 2025
Log of automatic commit at Mon Aug 18 02:51:48 UTC 2025
Log of automatic commit at Tue Aug 19 00:46:36 UTC 2025
Log of automatic commit at Tue Aug 19 02:25:47 UTC 2025
Log of automatic commit at Wed Aug 20 00:44:52 UTC 2025
Log of automatic commit at Wed Aug 20 02:24:07 UTC 2025
Log of automatic commit at Thu Aug 21 00:44:05 UTC 2025
Log of automatic commit at Thu Aug 21 02:23:35 UTC 2025
Log of automatic commit at Fri Aug 22 00:45:08 UTC 2025
Log of automatic commit at Fri Aug 22 02:24:29 UTC 2025
Log of automatic commit at Sat Aug 23 00:43:43 UTC 2025
Log of automatic commit at Sat Aug 23 02:18:46 UTC 2025
Log of automatic commit at Sun Aug 24 00:50:07 UTC 2025
Log of automatic commit at Sun Aug 24 02:43:09 UTC 2025
Log of automatic commit at Mon Aug 25 00:47:44 UTC 2025
Log of automatic commit at Mon Aug 25 02:28:28 UTC 2025
Log of automatic commit at Tue Aug 26 00:45:25 UTC 2025
Log of automatic commit at Tue Aug 26 02:25:08 UTC 2025
Log of automatic commit at Wed Aug 27 00:44:45 UTC 2025
Log of automatic commit at Wed Aug 27 02:19:54 UTC 2025
Log of automatic commit at Thu Aug 28 00:44:29 UTC 2025
Log of automatic commit at Thu Aug 28 02:19:11 UTC 2025
Log of automatic commit at Fri Aug 29 00:44:35 UTC 2025
Log of automatic commit at Fri Aug 29 02:19:42 UTC 2025
Log of automatic commit at Sat Aug 30 00:42:24 UTC 2025
Log of automatic commit at Sat Aug 30 02:13:17 UTC 2025
Log of automatic commit at Sun Aug 31 00:48:04 UTC 2025
Log of automatic commit at Sun Aug 31 02:23:49 UTC 2025
Log of automatic commit at Mon Sep  1 00:54:01 UTC 2025
Log of automatic commit at Mon Sep  1 02:45:51 UTC 2025
Log of automatic commit at Tue Sep  2 00:44:40 UTC 2025
Log of automatic commit at Tue Sep  2 02:21:47 UTC 2025
Log of automatic commit at Wed Sep  3 00:42:17 UTC 2025
Log of automatic commit at Wed Sep  3 02:12:42 UTC 2025
Log of automatic commit at Thu Sep  4 00:42:52 UTC 2025
Log of automatic commit at Thu Sep  4 02:13:08 UTC 2025
Log of automatic commit at Fri Sep  5 00:43:54 UTC 2025
Log of automatic commit at Fri Sep  5 02:16:14 UTC 2025
Log of automatic commit at Sat Sep  6 00:42:01 UTC 2025
Log of automatic commit at Sat Sep  6 02:11:57 UTC 2025
Log of automatic commit at Sun Sep  7 00:47:33 UTC 2025
Log of automatic commit at Sun Sep  7 02:20:36 UTC 2025
Log of automatic commit at Mon Sep  8 00:46:21 UTC 2025
Log of automatic commit at Mon Sep  8 02:22:12 UTC 2025
Log of automatic commit at Tue Sep  9 00:44:06 UTC 2025
Log of automatic commit at Tue Sep  9 02:17:50 UTC 2025
Log of automatic commit at Wed Sep 10 00:43:16 UTC 2025
Log of automatic commit at Wed Sep 10 02:13:11 UTC 2025
Log of automatic commit at Thu Sep 11 00:43:52 UTC 2025
Log of automatic commit at Thu Sep 11 02:16:52 UTC 2025
Log of automatic commit at Fri Sep 12 00:43:00 UTC 2025
Log of automatic commit at Fri Sep 12 02:12:08 UTC 2025
Log of automatic commit at Sat Sep 13 00:40:25 UTC 2025
Log of automatic commit at Sat Sep 13 02:07:13 UTC 2025
Log of automatic commit at Sun Sep 14 00:46:21 UTC 2025
Log of automatic commit at Sun Sep 14 02:20:29 UTC 2025
Log of automatic commit at Mon Sep 15 00:47:02 UTC 2025
Log of automatic commit at Mon Sep 15 02:23:00 UTC 2025
Log of automatic commit at Tue Sep 16 00:42:55 UTC 2025
Log of automatic commit at Tue Sep 16 02:14:07 UTC 2025
Log of automatic commit at Wed Sep 17 00:43:07 UTC 2025
Log of automatic commit at Wed Sep 17 02:13:32 UTC 2025
Log of automatic commit at Thu Sep 18 00:42:19 UTC 2025
Log of automatic commit at Thu Sep 18 02:14:01 UTC 2025
Log of automatic commit at Fri Sep 19 00:43:59 UTC 2025
Log of automatic commit at Fri Sep 19 02:18:06 UTC 2025
Log of automatic commit at Sat Sep 20 00:41:48 UTC 2025
Log of automatic commit at Sat Sep 20 02:11:27 UTC 2025
Log of automatic commit at Sun Sep 21 00:47:38 UTC 2025
Log of automatic commit at Sun Sep 21 02:23:56 UTC 2025
Log of automatic commit at Mon Sep 22 00:47:35 UTC 2025
Log of automatic commit at Mon Sep 22 02:24:02 UTC 2025
Log of automatic commit at Tue Sep 23 00:43:31 UTC 2025
Log of automatic commit at Tue Sep 23 02:13:56 UTC 2025
Log of automatic commit at Wed Sep 24 00:44:05 UTC 2025
Log of automatic commit at Wed Sep 24 02:15:30 UTC 2025
Log of automatic commit at Thu Sep 25 00:43:55 UTC 2025
Log of automatic commit at Thu Sep 25 02:17:37 UTC 2025
Log of automatic commit at Fri Sep 26 00:43:25 UTC 2025
Log of automatic commit at Fri Sep 26 02:16:36 UTC 2025
Log of automatic commit at Sat Sep 27 00:42:21 UTC 2025
Log of automatic commit at Sat Sep 27 02:10:39 UTC 2025
Log of automatic commit at Sun Sep 28 00:48:22 UTC 2025
Log of automatic commit at Sun Sep 28 02:24:36 UTC 2025
Log of automatic commit at Mon Sep 29 00:45:29 UTC 2025
Log of automatic commit at Mon Sep 29 02:19:27 UTC 2025
Log of automatic commit at Tue Sep 30 00:44:20 UTC 2025
Log of automatic commit at Tue Sep 30 02:14:17 UTC 2025
Log of automatic commit at Wed Oct  1 00:49:31 UTC 2025
Log of automatic commit at Wed Oct  1 02:26:32 UTC 2025
Log of automatic commit at Thu Oct  2 00:42:51 UTC 2025
Log of automatic commit at Thu Oct  2 02:13:45 UTC 2025
Log of automatic commit at Fri Oct  3 00:42:41 UTC 2025
Log of automatic commit at Fri Oct  3 02:13:19 UTC 2025
Log of automatic commit at Sat Oct  4 00:40:52 UTC 2025
Log of automatic commit at Sat Oct  4 02:08:57 UTC 2025
Log of automatic commit at Sun Oct  5 00:47:33 UTC 2025
Log of automatic commit at Sun Oct  5 02:24:17 UTC 2025
Log of automatic commit at Mon Oct  6 00:44:49 UTC 2025
Log of automatic commit at Mon Oct  6 02:17:11 UTC 2025
Log of automatic commit at Tue Oct  7 00:43:45 UTC 2025
Log of automatic commit at Tue Oct  7 02:14:41 UTC 2025
Log of automatic commit at Wed Oct  8 00:43:21 UTC 2025
Log of automatic commit at Wed Oct  8 02:14:33 UTC 2025
Log of automatic commit at Thu Oct  9 00:43:46 UTC 2025
Log of automatic commit at Thu Oct  9 02:15:52 UTC 2025
Log of automatic commit at Fri Oct 10 00:44:23 UTC 2025
Log of automatic commit at Fri Oct 10 02:16:24 UTC 2025
Log of automatic commit at Sat Oct 11 00:42:07 UTC 2025
Log of automatic commit at Sat Oct 11 02:11:17 UTC 2025
Log of automatic commit at Sun Oct 12 00:45:44 UTC 2025
Log of automatic commit at Sun Oct 12 02:19:40 UTC 2025
Log of automatic commit at Mon Oct 13 00:47:25 UTC 2025
Log of automatic commit at Mon Oct 13 02:24:00 UTC 2025
Log of automatic commit at Tue Oct 14 00:43:56 UTC 2025
Log of automatic commit at Tue Oct 14 02:16:47 UTC 2025
Log of automatic commit at Wed Oct 15 00:45:11 UTC 2025
Log of automatic commit at Wed Oct 15 02:20:05 UTC 2025
Log of automatic commit at Thu Oct 16 00:45:20 UTC 2025
Log of automatic commit at Thu Oct 16 02:18:41 UTC 2025
Log of automatic commit at Fri Oct 17 00:44:37 UTC 2025
Log of automatic commit at Fri Oct 17 02:17:40 UTC 2025
Log of automatic commit at Sat Oct 18 00:42:24 UTC 2025
Log of automatic commit at Sat Oct 18 02:12:07 UTC 2025
Log of automatic commit at Sun Oct 19 00:49:12 UTC 2025
Log of automatic commit at Sun Oct 19 02:30:04 UTC 2025
Log of automatic commit at Mon Oct 20 00:48:21 UTC 2025
Log of automatic commit at Mon Oct 20 02:27:19 UTC 2025
Log of automatic commit at Tue Oct 21 00:45:29 UTC 2025
Log of automatic commit at Tue Oct 21 02:21:31 UTC 2025
Log of automatic commit at Wed Oct 22 00:46:34 UTC 2025
Log of automatic commit at Wed Oct 22 02:24:06 UTC 2025
Log of automatic commit at Thu Oct 23 00:45:14 UTC 2025
Log of automatic commit at Thu Oct 23 02:19:52 UTC 2025
Log of automatic commit at Fri Oct 24 00:42:31 UTC 2025
Log of automatic commit at Fri Oct 24 02:16:17 UTC 2025
Log of automatic commit at Sat Oct 25 00:44:09 UTC 2025
Log of automatic commit at Sat Oct 25 02:17:26 UTC 2025
Log of automatic commit at Sun Oct 26 00:48:16 UTC 2025
Log of automatic commit at Sun Oct 26 02:25:22 UTC 2025
Log of automatic commit at Mon Oct 27 00:49:32 UTC 2025
Log of automatic commit at Mon Oct 27 02:30:48 UTC 2025
Log of automatic commit at Tue Oct 28 00:44:10 UTC 2025
Log of automatic commit at Tue Oct 28 02:21:01 UTC 2025
Log of automatic commit at Wed Oct 29 00:47:25 UTC 2025
Log of automatic commit at Wed Oct 29 02:28:03 UTC 2025
Log of automatic commit at Thu Oct 30 00:47:10 UTC 2025
Log of automatic commit at Thu Oct 30 02:25:55 UTC 2025
Log of automatic commit at Fri Oct 31 00:45:39 UTC 2025
Log of automatic commit at Fri Oct 31 02:24:15 UTC 2025
Log of automatic commit at Sat Nov  1 00:49:05 UTC 2025
Log of automatic commit at Sat Nov  1 02:25:49 UTC 2025
Log of automatic commit at Sun Nov  2 00:49:13 UTC 2025
Log of automatic commit at Sun Nov  2 02:28:54 UTC 2025
Log of automatic commit at Mon Nov  3 00:48:34 UTC 2025
Log of automatic commit at Mon Nov  3 02:28:43 UTC 2025
Log of automatic commit at Tue Nov  4 00:46:04 UTC 2025
Log of automatic commit at Tue Nov  4 02:24:08 UTC 2025
Log of automatic commit at Wed Nov  5 00:47:52 UTC 2025
Log of automatic commit at Wed Nov  5 02:25:53 UTC 2025
Log of automatic commit at Thu Nov  6 00:46:56 UTC 2025
Log of automatic commit at Thu Nov  6 02:26:33 UTC 2025
Log of automatic commit at Fri Nov  7 00:47:15 UTC 2025
Log of automatic commit at Fri Nov  7 02:24:02 UTC 2025
Log of automatic commit at Sat Nov  8 00:44:15 UTC 2025
Log of automatic commit at Sat Nov  8 02:17:16 UTC 2025
Log of automatic commit at Sun Nov  9 00:49:19 UTC 2025
Log of automatic commit at Sun Nov  9 02:27:34 UTC 2025
Log of automatic commit at Mon Nov 10 00:49:36 UTC 2025
Log of automatic commit at Mon Nov 10 02:29:45 UTC 2025
Log of automatic commit at Tue Nov 11 00:47:55 UTC 2025
Log of automatic commit at Tue Nov 11 02:26:17 UTC 2025
Log of automatic commit at Wed Nov 12 00:47:38 UTC 2025
